{
    "planets": [
        {
            "distance": 100,
            "speed": 0.03,
            "satellites": [
                {"distance": 20, "speed": 0.05, "color": "gray", "density": "50", "radius": "3"},
                {"distance": 30, "speed": 0.03, "color": "lightgray", "density": "50", "radius": "4"}
            ],
            "color": "blue",
            "density": "255",
            "radius": "13"
        },
        {
            "distance": 150,
            "speed": 0.02,
            "satellites": [
                {"distance": 30, "speed": 0.04, "color": "white", "density": "20", "radius": "3"},
                {"distance": 40, "speed": 0.02, "color": "lightblue", "density": "35", "radius": "3"}
            ],
            "color": "red",
            "density": "2",
            "radius": "15"
        },
        {
            "distance": 200,
            "speed": 0.01,
            "satellites": [
                {"distance": 40, "speed": 0.02, "color": "darkgray", "density": "3", "radius": "4"},
                {"distance": 50, "speed": 0.01, "color": "silver", "density": "3", "radius": "4"}
            ],
            "color": "green",
            "density": "150",
            "radius": "12"
        }
    ]
}